comment_count,like_count,user_id,username,code,caption
31,225,4774989424,_.kapienga_,CFsDs8RB2ol,"â¤haitaki hasirağŸ˜‚ğŸ˜‚ğŸ’œ
@_.kapienga_  addupâ­ğŸ’¯
@p.u.s.s.y._w.i.l.l.o.w 
@andieh_masha
@pretty_f.lacko 
@m.orasta
#gainwithkapienga
#gainwithandiehmasha
#gainwithprettyflacko
#gainwithmugweru
#gainwiththeepluto
#gainwithxtiandela
#gainwithtashamuthoni
#iamnairobian #igers #travelgram #gainwithmtaaraw
#gainwithtwigz #gains #gaintrick #gainpost #gainz 
#gainwithmugweru
#gainwithfinessengara
#gainwithmchina
#love #instagram #gains #gaintrick #gainwithpussywillow #gainwithpolasha #gainwithpaula #gainwithpozzie"
11,2744,5575047665,typewritersvoice,CFsD7wJFD3V,"Follow for more here - @typewritersvoice .

#typewritersvoice #poem #poetsociety #tale #story #poet #literature #reading #writing #poetry #wordgasm #quote #relationshipquotes #lovequotes #promise #microfiction #tale #story #love #relatable #sayings #relationshipquotes #quotes #truth #motivation #life #love #beliefÂ  #inspiration #inspirationalquotes #quotestags #quotestagram #quoteofthedayÂ  #motivationalquote"
8,154,7748051748,daddy_papa_and_me_make3,CFsDbeyBDHS,The guy in the middle makes us smile on the daily. We canâ€™t imagine our lives or a word without you buddy. Happy National Sonâ€™s Day! ğŸ‘¨â€ğŸ‘¨â€ğŸ‘¦â¤ï¸
2,253,1474714679,_fatememajidi_,CFsChd2DCA0,"â˜˜ï¸ğŸŒºâ˜˜ï¸

ØºÛŒØ± Ù Ø§Ù“Ù†
Ú†Ø´Ù… Ù‡Ø§ÛŒ
Ø¨ÛŒâ€ŒÚ©Ù… Ùˆ Ú©Ø§Ø³ØªØŒ
Ù‡Ù…Ù‡ Ú†ÛŒØ² ÙØ¬Ù‡Ø§Ù† Ø²ÛŒØ§Ø¯ÛŒ Ø¨ÙˆØ¯...!âœ¨

#Ù…Ù‡Ø¯Ù‰_Ù…ÙˆØ³ÙˆÙ‰

#Ù¾Ø§ÛŒÛŒØ² #Ø·Ø¨ÛŒØ¹Øª #Ø¨Ø±Ú©Ù‡ #Ø­Ø§Ù„_Ø®ÙˆØ¨ #Ø¹Ø´Ù‚ #lifeisgood #mood #love #Ø¯ÙˆØ³ØªØª_Ø¯Ø§Ø±Ù… #â¤ï¸ 
#succesfulpostt"
19,1741,3970111677,qazal.khataie,CFsDYa3JecT,".
.
Ø¨Ø®Ø§Ø·Ø±Ù Ø®Ø¯Ø§ Ø¨Ø®Ù†Ø¯
ØªÙˆÛŒÛŒ Ú©Ù‡ Ø¯Ù„Øª Ù¾Ø§ÛŒÛŒØ² Ø§Ø³Øª
Ø¯Ø³ØªØ§Ù†Øª ØªØ§Ø¨Ø³ØªØ§Ù†
Ùˆ Ú†Ø´Ù… Ù‡Ø§ÛŒØª Ù‡Ù…ÛŒØ´Ù‡ Ø²Ù…Ø³ØªØ§Ù†ÛŒ. . !

Ø¨Ø®Ø§Ø·Ø± Ø®Ø¯Ø§ Ø¨Ø®Ù†Ø¯
Ùˆ Ø¨Ù‡ Ø±Ø§Ø² Ø¯Ø±ÙˆÙ†Øª Ø§ÛŒÙ…Ø§Ù† Ø¨ÛŒØ§ÙˆØ±
Ø¨Ù‡ Ø¯Ø³Øª Ù‡Ø§ÛŒÛŒ Ú©Ù‡ Ù…Ø¹Ø¬Ø²Ù‡ Ù…ÛŒÚ©Ù†Ø¯
Ùˆ Ø§Ù…ÛŒØ¯ÛŒ Ú©Ù‡ Ø¯ÙˆØ¨Ø§Ø±Ù‡ Ø¬Ø±ÛŒØ§Ù† Ù…ÛŒ ÛŒØ§Ø¨Ø¯

Ø¨Ø®Ø§Ø·Ø± Ø®Ø¯Ø§ Ø¨Ø®Ù†Ø¯
Ø¨Ø§Ø± Ø¯ÛŒÚ¯Ø± Ø²Ù…Ø²Ù…Ù‡ Ú©Ù†
Ùˆ Ø¨Ø§ÙˆØ± Ø¯Ø§Ø´ØªÙ‡ Ø¨Ø§Ø´
Ù‡ÛŒÚ† Ú†ÛŒØ²ØŒØ¯Ø± Ø²Ù†Ø¯Ú¯ÛŒ Ù…Ø§Ù†Ø¯Ù†ÛŒ Ù†ÛŒØ³Øª
Ø­ØªÛŒ Ø§Ú¯Ø± Ø¯Ù„Øª Ù¾Ø§ÛŒÛŒØ² Ø¨Ø§Ø´Ø¯ ØŒ
Ø¯ÙˆØ¨Ø§Ø±Ù‡ Ø¨Ù‡Ø§Ø± Ù…ÛŒ Ø¢ÛŒØ¯. . .

#Ø­Ø§ØªÙ…Ù‡_Ø§Ø¨Ø±Ø§Ù‡ÛŒÙ…_Ø²Ø§Ø¯Ù‡ 
@hatameh_ebrahimzadeh 

â£
.â£
.â£
.â£
.â£
.â£
#lifestyle #influencer #love #beauty #picoftheday #fashion #makeup #travel #motivation #style #socialmediamarketing #influencers #influencermarketing #lifestyleblogger #photooftheday #model #blogger #influencerstyle #digitalmarketing #styleblogger #streetstyle #socialmedia #fashionista #bloggerstyle #marketing #business #photography #fashionblogger #ootd via @hashtagexpert"
20,226,266463717,lisaaliie,CFsCxm5lC8y,"ï¼¨ï½…ï½Œï½Œï½ ï¼®ï½…ï½— ï¼·ï½…ï½…ï½‹ ğŸ§¡

Der Montag waÌˆre somit geschafft! Ich habe erst Feierabend gemacht und bin jetzt bei einer Freundin. Wir haben schon zusammen gegessen und liegen jetzt auf der Couch und genieÃŸen den Abend bzw die Ruhe ğŸ˜ die Kids sind im Bett und fuÌˆr uns gibt's Kuchen- ganz still und heimlich ğŸ˜â˜ºï¸ wie war euer Montag? Ich hoffe ihr seid gut in die neue Woche gestartet! Habt einen schoÌˆnen Abend meine Schnuckies. DruÌˆck euch ğŸ§¡ğŸ

__________________________________________
#fashionlover #fashioninspo #ootdlovers #frenchstyle #fabfashionkillas #theoutfitcommunity #fashionstyle #inspofashion #outfitdujour #fashion #love #instagood #photography #photooftheday #likeforlikes #autumn #autumnvibesğŸ #autumn #helloautumn #halloherbst #autumniscoming #nature #fall #falloutfits #girl #smile #laÌˆchle #newweek #newweeknewgoals #bloggĞµroninsta #justrĞµquest"
29,353,25528984,claireewoods,CFsCHr9HLXx,"Let the countdown beginğŸ¥³
#4days #22 #cwfit"
12,297,1400125530,saniyanikam,CFsDlIrDBat,"To be steady in the soul and free in the spirit. â¤ï¸âœ¨
.
.
.
.
.
.
.
.
.
.
.
.
.
.
.
#throwback #instagood #instadaily #saniyanikam #instagram #india #blogger #youtubeindia #influencer #plixxo #popxofashion #positivity #popxo #peace #bestoftheday #mumbai #thedesibandana #explore #selflove #staysafe #spirituality #style #gooddays #goodvibes #happierthanever #happiness #love #lifestyle #ethnic #hehehe"
175,1122,2455955594,marcel.zitate,CFsDuFsg1nU,"Meine 2. Seite : @meinetexte.de âœŒğŸ½
-
Kommentiere 3 mal â¤ï¸, und ich like deine Bilder. 
-
-
Folg @marcel.zitate fuÌˆr mehr SpruÌˆche! 
________________________________
#liebesspruÌˆche #liebeszitate #spruÌˆche #love #liebe #kiss #spruch #zitate #girls #boys #freundschaftsspruÌˆche #paare #beziehung #gefuÌˆhle #gedanken #herzschmerz #vermissen #missyou #ichliebedich #fuÌˆrimmer #spruchdestages #foreveralone #forever #traurigespruÌˆche #traurig #couple #spruÌˆchezumnachdenken #gluÌˆcklich"
21,1259,1363969721,driati_meladze,CFsDIUxpa7u,"Ğ“Ğ¾Ğ²Ğ¾Ñ€ÑÑ‚, Ğ¿Ğ°Ñ€Ğ¸Ğº Ğ½Ğµ Ğ¸Ğ´ĞµÑ‚... Ğ³Ñ€ÑƒÑ‰Ñƒ... ğŸ˜"
4,284,7073617769,rachanasinghofficial,CFsDsoeMgmp,"Sun Shine is in My Eyes â˜€! 
.
@rachanasinghofficial

#positivevibe  #positivity #indian #india #love #igindia #goals #photography #instagood #mumbai  #bollywood #fashion #delhi #bangalore #photooftheday  #indianfood #fashionandfitness #maharashtra #instadaily #trending #beautiful #indiangirl #desi #punjabi #girlwhotravels #girlwithtattoo #ncr #denimjeans #mondayblues #punjabikudi"
2,164,6875288166,clube_do_amor_oficial,CFsCUnvhZ3b,"Deixe seus sonhos conduzirem seu caminho.

@harlenanderson 

 

#sonhar #sejafeliz #coragem #felicidade #estarempaz #amorpropio #autoestima #serfeliz #viver #pintura #viver #praia #acreditar #diversÃ£o #forÃ§a #motivaÃ§Ã£o #paz #vontade #viajar #atitude #amor #love #sauÌde #sÃ£opaulo #riodejaneiro #vitÃ³ria #espiritosanto #vilavelha #praiadacosta #grandevitoria @harlenanderson"
29,280,4774989424,_.kapienga_,CFsBTXbh300,"â¤ğŸŒ¼Do youğŸŒ¼â¤
@_.kapienga_  addupâ­ğŸ’¯
@p.u.s.s.y._w.i.l.l.o.w 
@andieh_masha
@pretty_f.lacko 
@m.orasta
#gainwithkapienga
#gainwithandiehmasha
#gainwithprettyflacko
#gainwithmugweru
#gainwiththeepluto
#gainwithxtiandela
#gainwithtashamuthoni
#iamnairobian #igers #travelgram #gainwithmtaaraw
#gainwithtwigz #gains #gaintrick #gainpost #gainz 
#gainwithmugweru
#gainwithfinessengara
#gainwithmchina
#love #instagram #gains #gaintrick #gainwithpussywillow #gainwithpolasha #gainwithpaula #gainwithpozzie"
5,453,221733884,piahoss,CFsBmdqnxez,âš¡ï¸
17,597,5568934,sammyrickey,CFsCnaFhmtD,fall vibes âœ¨
8809,2130,32229587186,interacaosubs,CFsBQqHB9nP,"ğŸ¦‹ğŸ§šğŸ»â€â™€ï¸MEGA INTERACÌ§AÌƒO.ğŸ¦‹ğŸ§šğŸ»â€â™€ï¸
(IÌCONE NOS STORIES)

1ï¸âƒ£ ESTEJA SEGUINDO O NOSSO PROJETO E TODAS AS CONTAS QUE ESTAMOS SEGUINDO. EÌ OBRIGATOÌRIO.

2ï¸âƒ£ FOQUE EM INTERAGIR NO MUTIRAÌƒO, COMENTE DIVERSAS VEZES â€œSDVâ€, â€œTROCO LIKESâ€ PARA QUE NOVAS PESSOAS TE SIGA.

3ï¸âƒ£ ENCAMINHE ESSA PUBLICACÌ§AÌƒO A 100 AMIGOS. VISUALIZE NOSSOS STORIES, INTERAJA NOS STORIES E ATIVE AS NOTIFICACÌ§OÌƒES.

ğŸŒŸ ATENCÌ§AÌƒO: CUMPRA TODAS AS REGRAS CORRETAMENTE PARA OBTER RESULTADOS EXTRAORDINAÌRIOS."
0,188,2275584977,call_me_dzadzy_,CFsDZWjnZy8,"Starehe ni GharamağŸŒ¸ğŸŒ¼ğŸ¦‹
.
.
.
.
.
.
.
.
.
.
.
#followforfollowback #gainwithmchina #gainwithxtiandela #gainwithspikes #gainwithmtaaraw #gainwithbundi #gainwiththeepluto #love #instagood #photooftheday #fashion #beautiful  #cute #like4like #followme #picoftheday #follow #summer #art #instadaily #friendsrepost #nature #fun #style #smile #instalike #family #travel #likeforlike #fitness"
8,349,1178532741,nurlan_nuriev,CFsCTBFlMre,"Ğ’ÑĞµ Ñ‡ĞµĞ»Ğ¾Ğ²ĞµÑ‡ĞµÑĞºĞ¾Ğµ ÑƒĞ¼ĞµĞ½Ğ¸Ğµ â€” Ğ½Ğµ Ñ‡Ñ‚Ğ¾ Ğ¸Ğ½Ğ¾Ğµ, ĞºĞ°Ğº ÑĞ¼ĞµÑÑŒ Ñ‚ĞµÑ€Ğ¿ĞµĞ½Ğ¸Ñ Ğ¸ Ğ²Ñ€ĞµĞ¼ĞµĞ½Ğ¸.

.
.

#gym#model #boxing #bodybuilding #hardwork #motivation #sport #bro #champion #life #aesthetics #training #india #ukraine #kiev#harkov#dnepr #bro #fitness #fitnessmotivation #fitnessmodel#odessa #dark #black#thailand #travel#happy #love#azerbaycan #usa#lifestyle"
30,946,572261975,zoomtv,CFsEHDel9Co,"#CoupleGoals: As #RanbirKapoor celebrates his 38th birthday today - Letâ€™s take a look at his top 10 moments with lady love @aliaabhatt â¤ï¸âœ¨ğŸ’¥
.
.
.
@zoomtv 
#aliabhatt #alia #ranbir #ranlia #bollywood #star #celebrity #style #india #indian #movies #funny #cute #love #instafashion #instagood #celeb #movie #instadaily #ootd #ootn #outfit #beauty #inspo #fashion #art #couples #ranbirkapoorfan"
32,555,4652239421,zeyn.abdul,CFsB-PpFief,serenityâœ¨
32,236,15166780272,revolvar.queen,CFsDTL2Dxoe,"à¤œà¤°à¤¾ #à¤®à¥à¤¸à¥à¤•à¥à¤°à¤¾ à¤•à¥‡ à¤¦à¥‡à¤–à¥‹ğŸ˜Š, #à¤¦à¥à¤¨à¤¿à¤¯à¤¾ #à¤¹à¤à¤¸à¤¤à¥€ à¤¨à¤œà¤° à¤†à¤à¤—à¥€! ğŸ˜ŠğŸ˜Š
.

.

#photo #Ä±nstagood #picoftheday #instalike #photooftheday #instadaily #photography #likeforlikes #love #Ä±nstagood"
73,143,8938660649,jazeer__jaz__,CFsBM3ujwIh,"@jazeer__jaz__ 
. 
. 
.. 
.... 

. 
#repost
#likeforfollow#likeforlikes#gaintrick#sdvtodos#gainwithcarlz#gainwithmchina#gainparty#followtrain#chuvadelikes#100likes#kerala#sections#india#malayalam#mallu#afridi_ashraf#kochi#photography#love#keralagram#instagram#hodsoncountry#malayali#keralatourism#keralagodsowncountry#kozhikode#malappuram#positivemalayalam"
13,284,3448464418,abshhha,CFsDw0rFL1Z,"itâ€™s time to boss up
top @sheinofficial #SHEINgals #SHEIN 
abshhha15 for 15% off 
short link: http://shein.top/y99vi78
search id: 1520857
#sheinofficial #outfit #ootd #style #prettylittlething #casual #fashionista #outfitinspo #fashion #outfitinspiration #love #explorelondon #beauty #makeup #instalove #instagood #explore #london"
21,577,1352133664,estellakr,CFsBRByHH2B,"Your opinion of me doesnâ€™t define who I am

#me #girl #cute #beauty #beautiful #pretty #makeup #love #hair #eyes #life #lipstick #lips #hairstyle #lashes #blondegirl #fashion #luxury #instagood #lashes #jewelry #germany #cologne #dusseldorf #frankfurt"
1,142,3987433045,tohrified_mutiyarz,CFsCMyBFIIU,"Ffâ™»ï¸â¤µ
@tohrified_mutiyarz â£ï¸
@tohrified_mutiyarz â£ï¸
âœ…Comment and tag your friends âœ…
Follow  @tohrified_mutiyarz â£ï¸
_
CREDITS: @sweetajbrarofficial .
.
Featured by ğŸ’
ğŸ’»â†ªï¸ @tohrified_mutiyarz â£ï¸ â–â–â–â–â–â–â–â–â–â–â–â–â–â–
#picoftheday #fashion #beautiful #photooftheday #love #cute #repost #happy #beauty #likeforlike #followme #girl #friends #style #family #punjabi #followforfollow #likeforfollow #follow4follow #chandigarh 
#punjabisuit #punjabi #indianwedding #designer #punjabiwedding 
#dresses #swag #lehenga #att #tohrifiedmutiyarz
âœ… à¨¨à©‹à¨Ÿ - à¨œà©‡ pğŸ…°ï¸ge à¨šà©°à¨—à¨¾ à¨²à©±à¨—à©‡ à¨¤à¨¾à¨‚ à¨œà¨¼à¨°à©‚à¨° Share à¨•à¨°à©‹ !"
10,143,21488073664,armaan_dz_,CFsCr8HFdWL,#100 #likeforfollow #likeforlikes #gaintrain #gaintrick #sdvtodos #sdv #gainwithcarlz #gainwithmchina #gainparty #followtrain #chuvadelikes#baghieworld #100likes#kerala #india #malayalam #mallu #kochi #photography #love #keralagram #instagram #godsowncountry #gainwithbaghie#malayali #keralatourism#garrybruh #keralagodsowncountry #kozhikode @techonbeatofficial
16,1303,206432821,danedebruin,CFsD1gCjChO,"Found Heaven at the end of the world. Amazing camp site with the most gorgeous view! 
.
.
.
.
.
.
.
#weekend #getaway #outdoors #uncle #familytime #hiking #camping #family #happy #love #flagstaff #arizona #beard #mustache #explorers #instagood #instadaily #picoftheday #igers #nature #explore #smile"
